id,name,kind,category,subcategory,description,url,officiality,pricing,status,verification_status,last_verified,repository_url,docs_url,license,language,maintainer,install_method,requires_credentials,executes_code,external_write,risk_notes,notes
clawhub,ClawHub,skill-registry,official,skills,Official registry for discovering and installing OpenClaw skills,https://clawhub.ai,official,free,active,verified,2026-08-12,https://github.com/openclaw/clawhub,https://docs.openclaw.ai/tools/skills,,,OpenClaw,web or CLI,true,true,false,Review skill permissions before installation,Official registry
openclaw,OpenClaw,official-project,official,core,Core open-source personal AI assistant and Gateway,https://github.com/openclaw/openclaw,official,free,active,verified,2026-08-12,https://github.com/openclaw/openclaw,https://docs.openclaw.ai,MIT,TypeScript,OpenClaw,package manager or source,false,true,true,Gateway tools can access local data and external services,Core project
openclaw-docs,OpenClaw documentation,documentation,official,documentation,Official documentation for installation configuration channels tools and operations,https://docs.openclaw.ai,official,free,active,verified,2026-08-12,,https://docs.openclaw.ai,,,OpenClaw,web,false,false,false,,Start here for current behavior
openclaw-showcase,OpenClaw showcase,example,official,examples,Official examples showing what people are building with OpenClaw,https://docs.openclaw.ai/start/showcase,official,free,active,verified,2026-08-12,,https://docs.openclaw.ai/start/showcase,,,OpenClaw,web,false,false,false,,Use for inspiration and comparison
openclaw-website,OpenClaw website,documentation,official,project,Official project homepage and high-level product orientation,https://openclaw.ai,official,free,active,verified,2026-08-12,,https://openclaw.ai,,,OpenClaw,web,false,false,false,,Project homepage
architecture,Architecture,documentation,operations,concepts,Overview of the Gateway agents sessions tools channels and workspace model,https://docs.openclaw.ai/concepts/architecture,official,free,active,verified,2026-08-12,,https://docs.openclaw.ai/concepts/architecture,,,OpenClaw,web,false,false,false,,Conceptual reference
channels,Channels,documentation,operations,channels,Connect OpenClaw to messaging services including WhatsApp Telegram Slack Discord Signal and iMessage,https://docs.openclaw.ai/channels,official,free,active,verified,2026-08-12,,https://docs.openclaw.ai/channels,,,OpenClaw,web,true,true,true,Credentials and outbound messaging require least privilege and testing,Integration reference
cli-reference,CLI reference,documentation,operations,cli,Command-line reference for setup diagnostics pairing skills and operations,https://docs.openclaw.ai/cli,official,free,active,verified,2026-08-12,,https://docs.openclaw.ai/cli,,,OpenClaw,web,true,true,true,CLI commands can change local and Gateway state,Operations reference
configuration,Configuration,documentation,operations,configuration,Configure models channels tools agents and Gateway behavior,https://docs.openclaw.ai/gateway/configuration,official,free,active,verified,2026-08-12,,https://docs.openclaw.ai/gateway/configuration,,,OpenClaw,web,true,true,true,Configuration can grant tool access and credentials,Operations reference
getting-started,Getting started,documentation,operations,onboarding,Recommended path from installation to a first working assistant,https://docs.openclaw.ai/start/getting-started,official,free,active,verified,2026-08-12,,https://docs.openclaw.ai/start/getting-started,,,OpenClaw,web,true,true,true,Follow the trusted-operator and pairing guidance,Onboarding path
installation,Installation,documentation,operations,onboarding,Official installer package Docker Nix and platform deployment paths,https://docs.openclaw.ai/install,official,free,active,verified,2026-08-12,,https://docs.openclaw.ai/install,,,OpenClaw,web,true,true,false,Installer commands change the local environment,Installation reference
model-providers,Model providers,documentation,operations,models,Configure hosted and local model providers for OpenClaw,https://docs.openclaw.ai/concepts/model-providers,official,unknown,active,verified,2026-08-12,,https://docs.openclaw.ai/concepts/model-providers,,,OpenClaw,web,true,true,false,Provider credentials and usage costs require explicit review,Provider reference
plugins,Plugins,documentation,operations,extensions,Extend OpenClaw with installable plugins and plugin-provided capabilities,https://docs.openclaw.ai/plugins,official,free,active,verified,2026-08-12,,https://docs.openclaw.ai/plugins,,,OpenClaw,web,true,true,true,Plugins execute code and may expand permissions,Extension reference
security-guide,Security guide,documentation,security,hardening,Understand pairing authentication exposure permissions and the trusted-operator model,https://docs.openclaw.ai/gateway/security,official,free,active,verified,2026-08-12,,https://docs.openclaw.ai/gateway/security,,,OpenClaw,web,false,false,false,,Read before exposing a Gateway
tools-and-skills,Tools and skills,documentation,skills,architecture,Learn how OpenClaw exposes tools and loads skills,https://docs.openclaw.ai/tools,official,free,active,verified,2026-08-12,,https://docs.openclaw.ai/tools,,,OpenClaw,web,true,true,true,Tools and skills can access credentials and external systems,Capability reference
awesome-openclaw-directory,awesome-openclaw,directory,directories,openclaw,Concise directory of OpenClaw resources integrations deployments and community projects,https://github.com/vincentkoc/awesome-openclaw,community,free,active,verified,2026-08-12,https://github.com/vincentkoc/awesome-openclaw,,,,vincentkoc,git clone,false,false,false,,Specialist directory
awesome-openclaw-agents,awesome-openclaw-agents,directory,directories,agents,Agent templates organized by productivity development business DevOps and other roles,https://github.com/mergisi/awesome-openclaw-agents,community,free,active,verified,2026-08-12,https://github.com/mergisi/awesome-openclaw-agents,,,,mergisi,git clone,false,false,false,,Specialist directory
awesome-openclaw-examples,awesome-openclaw-examples,directory,directories,examples,Runnable use-case starters with setup prompts KPIs security notes and rollback guidance,https://github.com/OthmaneBlial/awesome-openclaw-examples,community,free,active,verified,2026-08-12,https://github.com/OthmaneBlial/awesome-openclaw-examples,,,,OthmaneBlial,git clone,true,true,true,Examples may connect external systems; inspect before running,Specialist directory
awesome-openclaw-skills-voltagent,awesome-openclaw-skills,skill-registry,directories,skills,Curated ClawHub skills organized by capability,https://github.com/VoltAgent/awesome-openclaw-skills,community,free,active,verified,2026-08-12,https://github.com/VoltAgent/awesome-openclaw-skills,,,,VoltAgent,git clone,true,true,true,Listed skills may execute code or use credentials,Specialist directory
awesome-openclaw-skills-sundial,awesome-openclaw-skills,skill-registry,directories,skills,Large categorized skill directory covering productivity development media research and infrastructure,https://github.com/sundial-org/awesome-openclaw-skills,community,free,active,verified,2026-08-12,https://github.com/sundial-org/awesome-openclaw-skills,,,,sundial-org,git clone,true,true,true,Listed skills may execute code or use credentials,Specialist directory
awesome-openclaw-tips,awesome-openclaw-tips,directory,directories,operations,Practical tips for messaging memory reliability cost operations and automation,https://github.com/alvinreal/awesome-openclaw-tips,community,free,active,verified,2026-08-12,https://github.com/alvinreal/awesome-openclaw-tips,,,,alvinreal,git clone,true,true,true,Operational snippets can change configuration or send messages,Specialist directory
awesome-openclaw-tutorial,awesome-openclaw-tutorial,directory,directories,learning,Chinese tutorial and practical guide covering installation configuration and workflows,https://github.com/xianyu110/awesome-openclaw-tutorial,community,free,active,verified,2026-08-12,https://github.com/xianyu110/awesome-openclaw-tutorial,,,,xianyu110,git clone,true,true,true,Follow commands only after reviewing their permissions,Specialist directory
awesome-openclaw-usecases,awesome-openclaw-usecases,directory,directories,use-cases,Real-world use cases with prompts required skills and related links,https://github.com/hesamsheikh/awesome-openclaw-usecases,community,free,active,verified,2026-08-12,https://github.com/hesamsheikh/awesome-openclaw-usecases,,,,hesamsheikh,git clone,true,true,true,Use cases may write to external systems,Specialist directory
clawhub-source,ClawHub source,official-project,skills,registry,CLI and registry source for searching inspecting and installing skills,https://github.com/openclaw/clawhub,official,free,active,verified,2026-08-12,https://github.com/openclaw/clawhub,https://clawhub.ai/skills,MIT,TypeScript,OpenClaw,package manager or source,true,true,true,Review package behavior and registry metadata before installation,Official source
clawhub-skills,ClawHub skills,skill-registry,skills,registry,Browse published community skills and inspect their metadata before installation,https://clawhub.ai/skills,community,free,active,verified,2026-08-12,,https://clawhub.ai/skills,,,OpenClaw community,web,true,true,true,Skills can execute code access credentials or call external services,Public registry
feishu-openclaw,Feishu OpenClaw,integration,integrations,channels,Feishu and Lark channel and integration plugin,https://github.com/AlexAnys/feishu-openclaw,community,free,active,verified,2026-08-12,https://github.com/AlexAnys/feishu-openclaw,,,,AlexAnys,source or plugin,true,true,true,Channel credentials enable outbound messages and data access,Channel plugin
plugin-sdk,OpenClaw plugin SDK,documentation,integrations,plugins,Official guide for building plugins and extending OpenClaw,https://docs.openclaw.ai/plugins/building-plugins,official,free,active,verified,2026-08-12,,https://docs.openclaw.ai/plugins/building-plugins,,,OpenClaw,web,true,true,true,Plugin code runs with the permissions granted by its host,Build reference
openclaw-qqbot,OpenClaw QQ bot,integration,integrations,channels,QQ channel connector for OpenClaw,https://github.com/tencent-connect/openclaw-qqbot,community,free,active,verified,2026-08-12,https://github.com/tencent-connect/openclaw-qqbot,,,,tencent-connect,source or plugin,true,true,true,Messaging credentials and outbound delivery require review,Channel connector
awesome-mcp-servers,awesome-mcp-servers,directory,mcp,servers,Broad directory of Model Context Protocol servers that can complement agent workflows,https://github.com/punkpeye/awesome-mcp-servers,community,free,active,verified,2026-08-12,https://github.com/punkpeye/awesome-mcp-servers,,,,punkpeye,git clone,true,true,true,MCP servers can read data execute code and write externally,Specialist directory
openclaw-mcp-adapter,OpenClaw MCP adapter,mcp-server,mcp,adapters,Adapter for exposing OpenClaw capabilities through MCP,https://github.com/androidStern-personal/openclaw-mcp-adapter,community,free,active,verified,2026-08-12,https://github.com/androidStern-personal/openclaw-mcp-adapter,,,,androidStern-personal,source,true,true,true,Exposed tools inherit Gateway permissions and may affect external systems,MCP adapter
openclaw-mcp-server,OpenClaw MCP server,mcp-server,mcp,servers,MCP server for interacting with an OpenClaw Gateway,https://github.com/Helms-AI/openclaw-mcp-server,third-party,free,active,verified,2026-08-12,https://github.com/Helms-AI/openclaw-mcp-server,,,,Helms-AI,source,true,true,true,Gateway access and MCP clients must be scoped and authenticated,MCP server
worklittle-jobs-mcp,Worklittle Jobs MCP,mcp-server,mcp,servers,Search over 4 million jobs with visa salary and distance filters swipe to apply in your AI app and save roles to a Worklittle account,https://mcp.worklittle.com/,third-party,free,active,verified,2026-09-04,https://github.com/worklittle/jobs-mcp,https://docs.worklittle.com/mcp,MIT,TypeScript,Worklittle,remote MCP,false,false,false,Remote job search and saved applications share personal profile data and account access; review permissions before saving roles,Official registry: io.github.worklittle/jobs
openclaw-personas,awesome-openclaw-personas,template,agents,personas,Persona packages containing reusable agent identity and behavior files,https://github.com/TravisLeeeeee/awesome-openclaw-personas,community,free,active,verified,2026-08-12,https://github.com/TravisLeeeeee/awesome-openclaw-personas,,,,TravisLeeeeee,git clone,true,true,true,Persona files influence agent behavior and tool use,Specialist directory
multi-agent,Multi-agent documentation,documentation,agents,orchestration,Official guidance for configuring multiple agents,https://docs.openclaw.ai/concepts/multi-agent,official,free,active,verified,2026-08-12,,https://docs.openclaw.ai/concepts/multi-agent,,,OpenClaw,web,true,true,true,Multiple agents increase routing and permission complexity,Architecture reference
agent-workspace,OpenClaw workspace files,documentation,agents,workspace,Understand AGENTS.md SOUL.md memory and workspace customization,https://docs.openclaw.ai/concepts/agent-workspace,official,free,active,verified,2026-08-12,,https://docs.openclaw.ai/concepts/agent-workspace,,,OpenClaw,web,true,true,true,Workspace files can change identity behavior and local data access,Configuration reference
daily-reddit-digest,Daily Reddit Digest,example,use-cases,research,Example of scheduled research and summarization,https://github.com/hesamsheikh/awesome-openclaw-usecases/blob/main/usecases/daily-reddit-digest.md,community,free,active,verified,2026-08-12,https://github.com/hesamsheikh/awesome-openclaw-usecases,,,,hesamsheikh,markdown or manual setup,true,true,true,Review API access and outbound publication before scheduling,Use-case example
content-factory,Multi-agent content factory,example,use-cases,content,Coordinate research writing and publishing agents,https://github.com/hesamsheikh/awesome-openclaw-usecases/blob/main/usecases/content-factory.md,community,free,active,verified,2026-08-12,https://github.com/hesamsheikh/awesome-openclaw-usecases,,,,hesamsheikh,markdown or manual setup,true,true,true,Publishing agents can create external side effects,Use-case example
n8n-orchestration,n8n workflow orchestration,example,use-cases,automation,Delegate integration work through controlled n8n webhooks,https://github.com/hesamsheikh/awesome-openclaw-usecases/blob/main/usecases/n8n-workflow-orchestration.md,community,free,active,verified,2026-08-12,https://github.com/hesamsheikh/awesome-openclaw-usecases,,,,hesamsheikh,markdown or manual setup,true,true,true,Webhooks can trigger irreversible workflow actions,Use-case example
openclaw-examples-catalog,OpenClaw examples catalog,directory,use-cases,examples,Catalog of tested examples across engineering research content finance and operations,https://github.com/OthmaneBlial/awesome-openclaw-examples/blob/main/examples/catalog.md,community,free,active,verified,2026-08-12,https://github.com/OthmaneBlial/awesome-openclaw-examples,,,,OthmaneBlial,git clone,true,true,true,Validate each example's permissions and external dependencies,Use-case directory
docker-deployment,Docker deployment,documentation,deployment,containers,Run OpenClaw in a containerized environment,https://docs.openclaw.ai/install/docker,official,free,active,verified,2026-08-12,,https://docs.openclaw.ai/install/docker,,,OpenClaw,web,true,true,false,Container mounts and network exposure need explicit review,Deployment reference
nix-openclaw,Nix OpenClaw,deployment,deployment,packaging,Nix packaging and deployment support,https://github.com/openclaw/nix-openclaw,official,free,active,verified,2026-08-12,https://github.com/openclaw/nix-openclaw,,,,OpenClaw,Nix,true,true,false,Deployment changes the host runtime and service permissions,Deployment project
openclaw-ansible,OpenClaw Ansible,deployment,deployment,configuration,Ansible-based deployment support,https://github.com/openclaw/openclaw-ansible,official,free,active,verified,2026-08-12,https://github.com/openclaw/openclaw-ansible,,,,OpenClaw,Ansible,true,true,true,Playbooks can modify hosts and service configuration,Deployment project
sandboxing,Sandboxing,documentation,deployment,isolation,Configure isolation for agent tool execution,https://docs.openclaw.ai/gateway/sandboxing,official,free,active,verified,2026-08-12,,https://docs.openclaw.ai/gateway/sandboxing,,,OpenClaw,web,true,true,true,Sandbox configuration controls code and filesystem boundaries,Security reference
exposure-runbook,Self-hosting security,documentation,deployment,remote-access,Runbook for safely exposing or remotely operating a Gateway,https://docs.openclaw.ai/gateway/security/exposure-runbook,official,free,active,verified,2026-08-12,,https://docs.openclaw.ai/gateway/security/exposure-runbook,,,OpenClaw,web,true,true,true,Remote exposure requires authentication network controls and monitoring,Operations runbook
clawdeck,ClawDeck,dashboard,memory,operations,Mission-control dashboard for managing OpenClaw agents,https://github.com/clawdeckio/clawdeck,community,free,active,verified,2026-08-12,https://github.com/clawdeckio/clawdeck,,,,clawdeckio,source,true,true,true,Dashboard credentials can expose agent state and controls,Dashboard
mem0-openclaw,Mem0 OpenClaw integration,integration,memory,persistence,Persistent memory integration for OpenClaw,https://docs.mem0.ai/integrations/openclaw,third-party,paid,active,verified,2026-08-12,,https://docs.mem0.ai/integrations/openclaw,,,Mem0,web or package,true,true,true,Memory data may contain sensitive user context and provider credentials,💵 Paid service
memory,Memory documentation,documentation,memory,persistence,Official memory context and persistence guidance,https://docs.openclaw.ai/concepts/memory,official,free,active,verified,2026-08-12,,https://docs.openclaw.ai/concepts/memory,,,OpenClaw,web,true,true,true,Stored memory can contain sensitive data and influence future actions,Operations reference
sessions,Sessions and observability,documentation,memory,observability,Understand sessions transcripts routing and operational context,https://docs.openclaw.ai/concepts/session,official,free,active,verified,2026-08-12,,https://docs.openclaw.ai/concepts/session,,,OpenClaw,web,true,true,true,Transcripts and logs may contain credentials or private content,Operations reference
openclaw-security-policy,OpenClaw security policy,documentation,security,disclosure,Official vulnerability-reporting process and security boundaries,https://github.com/openclaw/openclaw/blob/main/SECURITY.md,official,free,active,verified,2026-08-12,https://github.com/openclaw/openclaw,https://github.com/openclaw/openclaw/blob/main/SECURITY.md,MIT,Markdown,OpenClaw,web,false,false,false,,Official security policy
openclaw-trust,OpenClaw trust page,documentation,security,trust,Official trust security and responsible-disclosure information,https://trust.openclaw.ai,official,free,active,verified,2026-08-12,,https://trust.openclaw.ai,,,OpenClaw,web,false,false,false,,Trust and security information
secure-openclaw,Secure OpenClaw,deployment,security,hardening,Security-focused OpenClaw deployment and hardening project,https://github.com/composio-community/secure-openclaw,community,free,active,verified,2026-08-12,https://github.com/composio-community/secure-openclaw,,,,composio-community,source,true,true,true,Hardening scripts can alter runtime policy and credentials,Security project
security-practice-guide,Security practice guide,guide,security,hardening,Security guidance for deploying and operating OpenClaw,https://github.com/slowmist/openclaw-security-practice-guide,community,free,active,verified,2026-08-12,https://github.com/slowmist/openclaw-security-practice-guide,,,,slowmist,git clone,true,true,true,Apply recommendations against the current OpenClaw configuration,Security guide
openclaw-discord,OpenClaw Discord,community,community,support,Official community support and discussion,https://discord.gg/clawd,official,free,active,verified,2026-08-12,,https://discord.gg/clawd,,,OpenClaw,web,true,false,true,Do not share credentials or private logs in community channels,Community
openclaw-faq,OpenClaw FAQ,documentation,community,support,Frequently asked setup and usage questions,https://docs.openclaw.ai/help/faq,official,free,active,verified,2026-08-12,,https://docs.openclaw.ai/help/faq,,,OpenClaw,web,false,false,false,,Support reference
openclaw-issues,OpenClaw GitHub issues,community,community,development,Official bug reports and feature requests,https://github.com/openclaw/openclaw/issues,official,free,active,verified,2026-08-12,https://github.com/openclaw/openclaw,,,,OpenClaw,web,true,false,true,Remove private logs and credentials before posting,Community
openclaw-releases,OpenClaw releases,community,community,releases,Published releases and changelog history,https://github.com/openclaw/openclaw/releases,official,free,active,verified,2026-08-12,https://github.com/openclaw/openclaw,,,,OpenClaw,web,false,false,false,,Release tracking
nanobot,nanobot,alternative,alternatives,agents,Lightweight personal AI assistant implementation,https://github.com/HKUDS/nanobot,third-party,free,active,verified,2026-08-12,https://github.com/HKUDS/nanobot,,,,HKUDS,source,true,true,true,Alternative agents may access local files and external systems,Related project
nanoclaw,NanoClaw,alternative,alternatives,agents,Lightweight alternative architecture for personal agents,https://github.com/qwibitai/nanoclaw,third-party,free,active,verified,2026-08-12,https://github.com/qwibitai/nanoclaw,,,,qwibitai,source,true,true,true,Alternative agents may access local files and external systems,Related project
tinyclaw,tinyclaw,alternative,alternatives,agents,Minimal OpenClaw-inspired agent implementation,https://github.com/jlia0/tinyclaw,third-party,free,active,verified,2026-08-12,https://github.com/jlia0/tinyclaw,,,,jlia0,source,true,true,true,Alternative agents may access local files and external systems,Related project
openclaw-windows-hub,OpenClaw Windows Hub,companion-app,official,platforms,Native Windows companion for setup chat gateway diagnostics and permission-scoped Windows node capabilities,https://github.com/openclaw/openclaw-windows-node,official,free,active,verified,2026-08-12,https://github.com/openclaw/openclaw-windows-node,https://docs.openclaw.ai/platforms/windows,MIT,C#,OpenClaw,signed installer or source,true,true,true,Node mode can execute commands control browsers and access camera microphone screen and location; enable only needed permissions and sandboxing,Official Windows companion
nemoclaw,NVIDIA NemoClaw,deployment,deployment,isolation,Reference stack for running OpenClaw and other supported agents inside NVIDIA OpenShell sandboxes with managed inference network policy snapshots and lifecycle operations,https://github.com/NVIDIA/NemoClaw,third-party,free,active,verified,2026-08-15,https://github.com/NVIDIA/NemoClaw,https://docs.nvidia.com/nemoclaw/latest/,Apache-2.0,TypeScript,NVIDIA,installer or source,true,true,true,Installer manages agent sandboxes inference credentials network policy integrations and host runtime state; review prerequisites security guidance and alpha limitations,NVIDIA alpha reference stack
dashclaw,DashClaw,security-tool,security,governance,Approval and policy layer that can intercept OpenClaw tool calls before execution and route risky actions for human review,https://github.com/ucsandman/DashClaw,community,freemium,active,verified,2026-08-15,https://github.com/ucsandman/DashClaw,https://github.com/ucsandman/DashClaw/blob/main/docs/openclaw-codex-governance.md,MIT,TypeScript,DashClaw,npm or source,true,true,true,Gateway plugin can block or release tool execution and records policies approvals and audit data; enforcement shares the agent privilege boundary unless separately isolated,Self-hosted free path with optional hosted service
spiceclaw,SpiceClaw,security-tool,security,authorization,Proof-of-concept OpenClaw plugin using SpiceDB for explicit fine-grained tool grants and time-limited human-approved elevation,https://github.com/authzed/spiceclaw,third-party,free,watch,verified,2026-08-15,https://github.com/authzed/spiceclaw,https://github.com/authzed/spiceclaw#readme,Apache-2.0,TypeScript,AuthZed,source,true,true,true,Installation changes OpenClaw configuration systemd services local users Docker state and authorization grants; experimental Linux-only code requires review before production use,Proof of concept; Linux with systemd only
openclaw-openwebui-integration,OpenClaw in Open WebUI,integration,integrations,interfaces,Open WebUI functions that connect to an OpenClaw Gateway over its native WebSocket protocol for streaming tool cards sessions subagent status prompts and media,https://github.com/Eliav2/openclaw-openwebui-integration,community,free,active,verified,2026-08-15,https://github.com/Eliav2/openclaw-openwebui-integration,https://github.com/Eliav2/openclaw-openwebui-integration#readme,MIT,Python,Eliav Louski,Open WebUI functions or source,true,true,true,Installer uses Open WebUI admin credentials and a Gateway token; the functions persist device identity session state and agent-emitted files in Open WebUI,Requires a running OpenClaw Gateway and Open WebUI
esp-openclaw-node,ESP OpenClaw Node,companion-device,integrations,hardware,Official ESP-IDF component and examples for running ESP32 boards as paired OpenClaw Nodes with reconnect command dispatch provisioning and room-node UI support,https://github.com/openclaw/esp-openclaw-node,official,free,active,verified,2026-08-22,https://github.com/openclaw/esp-openclaw-node,https://openclaw.github.io/esp-openclaw-node/,Apache-2.0,C,OpenClaw,ESP-IDF component or source,true,true,true,Pairing credentials and Wi-Fi state are stored on the device; node commands can affect attached hardware and room-node file and media surfaces,Official embedded node
lossless-claw,Lossless Claw,context-engine,memory,context-management,Context-engine plugin that preserves OpenClaw transcripts in a SQLite-backed summary DAG and exposes tools for searching and expanding compacted history,https://github.com/Martian-Engineering/lossless-claw,community,free,active,verified,2026-08-22,https://github.com/Martian-Engineering/lossless-claw,https://github.com/Martian-Engineering/lossless-claw#readme,MIT,TypeScript,Martian Engineering,OpenClaw plugin installer or npm,true,true,true,The plugin replaces the context engine and stores full transcript history locally while using the configured model provider for summaries; databases and backups can contain sensitive content,Requires a compatible OpenClaw context-engine API
mem9,mem9,memory-service,memory,shared-memory,Server-backed OpenClaw memory plugin for persistent recall across sessions machines and agents with hybrid search and a review dashboard,https://mem9.ai/openclaw-memory/,third-party,freemium,active,verified,2026-08-22,https://github.com/mem9-ai/mem9,https://mem9.ai/openclaw-memory/,Apache-2.0,Go and TypeScript,mem9,ClawHub or source,true,true,true,The plugin uploads recalled and captured conversation memory to the configured mem9 server; its API key grants read and write access to the shared memory space and self-hosting adds database credentials,Hosted free and paid tiers plus a self-hosted server
gbrain,GBrain,knowledge-system,memory,knowledge-graph,Self-hosted knowledge and memory layer with an OpenClaw context engine MCP server curated skills hybrid retrieval graph traversal and cited synthesis,https://github.com/garrytan/gbrain,community,free,active,verified,2026-08-22,https://github.com/garrytan/gbrain,https://github.com/garrytan/gbrain/blob/master/docs/mcp/OPENCLAW.md,MIT,TypeScript,Garry Tan,ClawHub bundle or source,true,true,true,GBrain can ingest private sources run a persistent daemon and skills and write durable knowledge; database model-provider and source credentials need isolation and least privilege,Self-hosted software with optional provider and infrastructure costs
apple-pim,Apple PIM,integration,integrations,productivity,macOS OpenClaw plugin for reading and changing Calendar Reminders Contacts and Mail through native Swift tools with per-domain and per-profile access controls,https://github.com/omarshahine/apple-pim,community,free,active,verified,2026-08-22,https://github.com/omarshahine/apple-pim,https://github.com/omarshahine/apple-pim#openclaw-plugin,MIT,Swift and TypeScript,Omar Shahine,ClawHub npm or source,true,true,true,macOS permissions can expose calendars reminders contacts and Mail plus optional Full Disk Access; the plugin can create update delete and send data so use restrictive profiles and egress allowlists,macOS 13 or later
